{
    "name": "rad_project",
    "application": null,
    "libs": {},
    "view": {
        "screen.home": "/source/views/screen.home",
        "screen.details": "/source/views/screen.details",
        "screen.loader": "/source/views/screen.loader"
    },
    "model": {},
    "service": {
        "service.json_loader": "/source/service/service.json_loader"
    },
    "screen": {},
    "external": {},
    "links": {
        "screen.home": "collection.phones"
    },
    "collection": {
        "collection.phones": "/source/models/collection.phones"
    }
}