[
  {
    "age": 10,
    "carrier": "Verizon",
    "id": "droid-2-global-by-motorola",
    "imageUrl": "img/phones/droid-2-global-by-motorola.0.jpg",
    "name": "DROID\u2122 2 Global by Motorola",
    "snippet": "The first smartphone with a 1.2 GHz processor and global capabilities."
  },
  {
    "age": 11,
    "carrier": "Verizon",
    "id": "droid-pro-by-motorola",
    "imageUrl": "img/phones/droid-pro-by-motorola.0.jpg",
    "name": "DROID\u2122 Pro by Motorola",
    "snippet": "The next generation of DOES."
  },
  {
    "age": 12,
    "carrier": "AT&T",
    "id": "motorola-bravo-with-motoblur",
    "imageUrl": "img/phones/motorola-bravo-with-motoblur.0.jpg",
    "name": "MOTOROLA BRAVO\u2122 with MOTOBLUR\u2122",
    "snippet": "An experience to cheer about."
  },
  {
    "age": 13,
    "carrier": "T-Mobile",
    "id": "motorola-defy-with-motoblur",
    "imageUrl": "img/phones/motorola-defy-with-motoblur.0.jpg",
    "name": "Motorola DEFY\u2122 with MOTOBLUR\u2122",
    "snippet": "Are you ready for everything life throws your way?"
  },
  {
    "age": 14,
    "carrier": "T-Mobile",
    "id": "t-mobile-mytouch-4g",
    "imageUrl": "img/phones/t-mobile-mytouch-4g.0.jpg",
    "name": "T-Mobile myTouch 4G",
    "snippet": "The T-Mobile myTouch 4G is a premium smartphone designed to deliver blazing fast 4G speeds so that you can video chat from practically anywhere, with or without Wi-Fi."
  },
  {
    "age": 15,
    "carrier": "US Cellular",
    "id": "samsung-mesmerize-a-galaxy-s-phone",
    "imageUrl": "img/phones/samsung-mesmerize-a-galaxy-s-phone.0.jpg",
    "name": "Samsung Mesmerize\u2122 a Galaxy S\u2122 phone",
    "snippet": "The Samsung Mesmerize\u2122 delivers a cinema quality experience like you\u2019ve never seen before. Its innovative 4\u201d touch display technology provides rich picture brilliance,even outdoors"
  },
  {
    "age": 16,
    "carrier": "Sprint",
    "id": "sanyo-zio",
    "imageUrl": "img/phones/sanyo-zio.0.jpg",
    "name": "SANYO ZIO",
    "snippet": "The Sanyo Zio by Kyocera is an Android smartphone with a combination of ultra-sleek styling, strong performance and unprecedented value."
  },
  {
    "age": 17,
    "id": "samsung-transform",
    "imageUrl": "img/phones/samsung-transform.0.jpg",
    "name": "Samsung Transform\u2122",
    "snippet": "The Samsung Transform\u2122 brings you a fun way to customize your Android powered touch screen phone to just the way you like it through your favorite themed \u201cSprint ID Service Pack\u201d."
  },
  {
    "age": 18,
    "id": "t-mobile-g2",
    "imageUrl": "img/phones/t-mobile-g2.0.jpg",
    "name": "T-Mobile G2",
    "snippet": "The T-Mobile G2 with Google is the first smartphone built for 4G speeds on T-Mobile's new network. Get the information you need, faster than you ever thought possible."
  },
  {
    "age": 19,
    "id": "motorola-charm-with-motoblur",
    "imageUrl": "img/phones/motorola-charm-with-motoblur.0.jpg",
    "name": "Motorola CHARM\u2122 with MOTOBLUR\u2122",
    "snippet": "Motorola CHARM fits easily in your pocket or palm.  Includes MOTOBLUR service."
  }
]